duracion_meses,monto_credito,edad,carga_cuota_pct,creditos_vigentes,cuenta_corriente,ahorros,historial_crediticio,incumplimiento
6.0,1169.0,67.0,4.0,2.0,1.0,0.0,4.0,0
48.0,5951.0,22.0,2.0,1.0,2.0,1.0,2.0,1
12.0,2096.0,49.0,2.0,1.0,0.0,1.0,4.0,0
42.0,7882.0,45.0,2.0,1.0,1.0,1.0,2.0,0
24.0,4870.0,53.0,3.0,2.0,1.0,1.0,3.0,1
36.0,9055.0,35.0,2.0,1.0,0.0,0.0,2.0,0
24.0,2835.0,53.0,3.0,1.0,0.0,3.0,2.0,0
36.0,6948.0,35.0,2.0,1.0,2.0,1.0,2.0,0
12.0,3059.0,61.0,2.0,1.0,0.0,4.0,2.0,0
30.0,5234.0,28.0,4.0,2.0,2.0,1.0,4.0,1
12.0,1295.0,25.0,3.0,1.0,2.0,1.0,2.0,1
48.0,4308.0,24.0,3.0,1.0,1.0,1.0,2.0,1
12.0,1567.0,22.0,1.0,1.0,2.0,1.0,2.0,0
24.0,1199.0,60.0,4.0,2.0,1.0,1.0,4.0,1
15.0,1403.0,28.0,2.0,1.0,1.0,1.0,2.0,0
24.0,1282.0,32.0,4.0,1.0,1.0,2.0,2.0,1
24.0,2424.0,53.0,4.0,2.0,0.0,0.0,4.0,0
30.0,8072.0,25.0,2.0,3.0,1.0,0.0,0.0,0
24.0,12579.0,44.0,4.0,1.0,2.0,1.0,2.0,1
24.0,3430.0,31.0,3.0,1.0,0.0,3.0,2.0,0
9.0,2134.0,48.0,4.0,3.0,0.0,1.0,4.0,0
6.0,2647.0,44.0,2.0,1.0,1.0,3.0,2.0,0
10.0,2241.0,48.0,1.0,2.0,1.0,1.0,4.0,0
12.0,1804.0,44.0,3.0,1.0,2.0,2.0,4.0,0
10.0,2069.0,26.0,2.0,2.0,0.0,0.0,4.0,0
6.0,1374.0,36.0,1.0,1.0,1.0,1.0,2.0,0
6.0,426.0,39.0,4.0,1.0,0.0,1.0,0.0,0
12.0,409.0,42.0,3.0,2.0,3.0,4.0,1.0,0
7.0,2415.0,34.0,3.0,1.0,2.0,1.0,2.0,0
60.0,6836.0,63.0,3.0,2.0,1.0,1.0,3.0,1
18.0,1913.0,36.0,3.0,1.0,2.0,4.0,2.0,0
24.0,4020.0,27.0,2.0,1.0,1.0,1.0,2.0,0
18.0,5866.0,30.0,2.0,2.0,2.0,2.0,2.0,0
12.0,1264.0,57.0,4.0,1.0,0.0,0.0,4.0,0
12.0,1474.0,33.0,4.0,1.0,3.0,1.0,2.0,0
45.0,4746.0,25.0,4.0,2.0,2.0,1.0,4.0,1
48.0,6110.0,31.0,1.0,1.0,0.0,1.0,4.0,0
18.0,2100.0,37.0,4.0,1.0,3.0,1.0,2.0,1
10.0,1225.0,37.0,2.0,1.0,3.0,1.0,2.0,0
9.0,458.0,24.0,4.0,1.0,2.0,1.0,2.0,0
30.0,2333.0,30.0,4.0,1.0,0.0,3.0,2.0,0
12.0,1158.0,26.0,3.0,1.0,2.0,3.0,2.0,0
18.0,6204.0,44.0,2.0,1.0,2.0,1.0,3.0,0
30.0,6187.0,24.0,1.0,2.0,1.0,2.0,4.0,0
48.0,6143.0,58.0,4.0,2.0,1.0,1.0,4.0,1
11.0,1393.0,35.0,4.0,2.0,0.0,1.0,4.0,0
36.0,2299.0,39.0,4.0,1.0,0.0,3.0,2.0,0
6.0,1352.0,23.0,1.0,1.0,1.0,3.0,2.0,0
11.0,7228.0,39.0,1.0,2.0,0.0,1.0,4.0,0
12.0,2073.0,28.0,4.0,1.0,0.0,2.0,2.0,0
24.0,2333.0,29.0,4.0,1.0,2.0,0.0,3.0,0
27.0,5965.0,30.0,1.0,2.0,2.0,1.0,3.0,0
12.0,1262.0,25.0,3.0,1.0,0.0,1.0,2.0,0
18.0,3378.0,31.0,2.0,1.0,0.0,0.0,2.0,0
36.0,2225.0,57.0,4.0,2.0,2.0,1.0,3.0,1
6.0,783.0,26.0,1.0,1.0,0.0,0.0,1.0,0
12.0,6468.0,52.0,2.0,1.0,2.0,0.0,2.0,1
36.0,9566.0,31.0,2.0,2.0,0.0,1.0,4.0,0
18.0,1961.0,23.0,3.0,1.0,3.0,1.0,2.0,0
36.0,6229.0,23.0,4.0,2.0,1.0,1.0,4.0,1
9.0,1391.0,27.0,2.0,1.0,2.0,1.0,2.0,0
15.0,1537.0,50.0,4.0,2.0,2.0,0.0,4.0,0
36.0,1953.0,61.0,4.0,1.0,2.0,1.0,0.0,1
48.0,14421.0,25.0,2.0,1.0,2.0,1.0,0.0,1
24.0,3181.0,26.0,4.0,1.0,0.0,1.0,2.0,0
27.0,5190.0,48.0,4.0,4.0,0.0,0.0,2.0,0
12.0,2171.0,29.0,2.0,1.0,0.0,1.0,2.0,0
12.0,1007.0,22.0,4.0,1.0,2.0,4.0,2.0,0
36.0,1819.0,37.0,4.0,1.0,0.0,1.0,2.0,1
36.0,2394.0,25.0,4.0,1.0,0.0,0.0,2.0,0
36.0,8133.0,30.0,1.0,1.0,0.0,1.0,2.0,0
7.0,730.0,46.0,4.0,2.0,0.0,0.0,4.0,0
8.0,1164.0,51.0,3.0,2.0,1.0,1.0,4.0,0
42.0,5954.0,41.0,2.0,2.0,2.0,1.0,4.0,0
36.0,1977.0,40.0,4.0,1.0,1.0,0.0,2.0,1
12.0,1526.0,66.0,4.0,2.0,1.0,1.0,4.0,0
42.0,3965.0,34.0,4.0,1.0,1.0,1.0,2.0,1
11.0,4771.0,51.0,2.0,1.0,2.0,1.0,3.0,0
54.0,9436.0,39.0,2.0,1.0,0.0,0.0,0.0,0
30.0,3832.0,22.0,2.0,1.0,2.0,1.0,2.0,0
24.0,5943.0,44.0,1.0,2.0,0.0,0.0,2.0,1
15.0,1213.0,47.0,4.0,1.0,0.0,3.0,2.0,0
18.0,1568.0,24.0,3.0,1.0,0.0,2.0,2.0,0
24.0,1755.0,58.0,4.0,1.0,1.0,1.0,2.0,0
10.0,2315.0,52.0,3.0,1.0,1.0,1.0,2.0,0
12.0,1412.0,29.0,4.0,2.0,0.0,1.0,4.0,0
18.0,1295.0,27.0,4.0,2.0,2.0,1.0,4.0,0
36.0,12612.0,47.0,1.0,1.0,2.0,2.0,2.0,1
18.0,2249.0,30.0,4.0,1.0,1.0,2.0,2.0,0
12.0,1108.0,28.0,4.0,2.0,1.0,1.0,0.0,1
12.0,618.0,56.0,4.0,1.0,0.0,1.0,4.0,0
12.0,1409.0,54.0,4.0,1.0,1.0,1.0,4.0,0
12.0,797.0,33.0,4.0,1.0,0.0,0.0,4.0,1
24.0,3617.0,20.0,4.0,2.0,3.0,0.0,4.0,0
12.0,1318.0,54.0,4.0,1.0,2.0,4.0,2.0,0
54.0,15945.0,58.0,3.0,1.0,2.0,1.0,0.0,1
12.0,2012.0,61.0,4.0,1.0,0.0,0.0,4.0,0
18.0,2622.0,34.0,4.0,1.0,2.0,2.0,2.0,0
36.0,2337.0,36.0,4.0,1.0,2.0,1.0,4.0,0
20.0,7057.0,36.0,3.0,2.0,2.0,0.0,3.0,0
24.0,1469.0,41.0,4.0,1.0,0.0,2.0,2.0,0
36.0,2323.0,24.0,4.0,1.0,2.0,1.0,2.0,0
6.0,932.0,24.0,3.0,1.0,0.0,1.0,3.0,0
9.0,1919.0,35.0,4.0,1.0,2.0,1.0,4.0,0
12.0,2445.0,26.0,2.0,1.0,0.0,0.0,2.0,0
24.0,11938.0,39.0,2.0,2.0,2.0,1.0,4.0,1
18.0,6458.0,39.0,2.0,2.0,0.0,1.0,1.0,1
12.0,6078.0,32.0,2.0,1.0,2.0,1.0,2.0,0
24.0,7721.0,30.0,1.0,1.0,1.0,0.0,2.0,0
14.0,1410.0,35.0,1.0,1.0,2.0,3.0,2.0,0
6.0,1449.0,31.0,1.0,2.0,2.0,2.0,3.0,0
15.0,392.0,23.0,4.0,1.0,3.0,1.0,2.0,0
18.0,6260.0,28.0,3.0,1.0,2.0,1.0,2.0,0
36.0,7855.0,25.0,4.0,2.0,0.0,1.0,4.0,1
12.0,1680.0,35.0,3.0,1.0,1.0,3.0,2.0,0
48.0,3578.0,47.0,4.0,1.0,0.0,0.0,4.0,0
42.0,7174.0,30.0,4.0,1.0,1.0,0.0,2.0,1
10.0,2132.0,27.0,2.0,2.0,1.0,0.0,4.0,0
33.0,4281.0,23.0,1.0,2.0,1.0,3.0,4.0,1
12.0,2366.0,36.0,3.0,1.0,2.0,3.0,4.0,0
21.0,1835.0,25.0,3.0,2.0,1.0,1.0,2.0,1
24.0,3868.0,41.0,4.0,2.0,0.0,1.0,4.0,0
12.0,1768.0,24.0,3.0,1.0,0.0,1.0,2.0,0
10.0,781.0,63.0,4.0,2.0,3.0,1.0,4.0,0
18.0,1924.0,27.0,4.0,1.0,2.0,0.0,2.0,1
12.0,2121.0,30.0,4.0,2.0,1.0,1.0,4.0,0
12.0,701.0,40.0,4.0,1.0,1.0,1.0,2.0,0
12.0,639.0,30.0,4.0,1.0,2.0,1.0,2.0,1
12.0,1860.0,34.0,4.0,2.0,2.0,1.0,4.0,0
12.0,3499.0,29.0,3.0,2.0,1.0,1.0,4.0,1
48.0,8487.0,24.0,1.0,1.0,2.0,0.0,2.0,0
36.0,6887.0,29.0,4.0,1.0,1.0,1.0,3.0,1
15.0,2708.0,27.0,2.0,2.0,0.0,1.0,2.0,0
18.0,1984.0,47.0,4.0,2.0,0.0,1.0,2.0,0
60.0,10144.0,21.0,2.0,1.0,0.0,2.0,2.0,0
12.0,1240.0,38.0,4.0,2.0,0.0,0.0,4.0,0
27.0,8613.0,27.0,2.0,2.0,0.0,4.0,3.0,0
12.0,766.0,66.0,4.0,1.0,2.0,3.0,2.0,1
15.0,2728.0,35.0,4.0,3.0,2.0,0.0,4.0,0
12.0,1881.0,44.0,2.0,1.0,3.0,1.0,2.0,0
6.0,709.0,27.0,2.0,1.0,3.0,4.0,2.0,0
36.0,4795.0,30.0,4.0,1.0,2.0,1.0,2.0,0
27.0,3416.0,27.0,3.0,1.0,1.0,1.0,2.0,0
18.0,2462.0,22.0,2.0,1.0,1.0,1.0,2.0,1
21.0,2288.0,23.0,4.0,1.0,0.0,1.0,4.0,0
48.0,3566.0,30.0,4.0,1.0,2.0,2.0,1.0,0
6.0,860.0,39.0,1.0,2.0,1.0,1.0,4.0,0
12.0,682.0,51.0,4.0,2.0,0.0,2.0,4.0,0
36.0,5371.0,28.0,3.0,2.0,1.0,1.0,4.0,0
18.0,1582.0,46.0,4.0,2.0,0.0,4.0,4.0,0
6.0,1346.0,42.0,2.0,1.0,0.0,2.0,2.0,0
10.0,1924.0,38.0,1.0,1.0,0.0,1.0,2.0,0
36.0,5848.0,24.0,4.0,1.0,3.0,1.0,2.0,0
24.0,7758.0,29.0,2.0,1.0,2.0,4.0,4.0,0
24.0,6967.0,36.0,4.0,1.0,2.0,2.0,3.0,0
12.0,1282.0,20.0,2.0,1.0,1.0,1.0,2.0,1
9.0,1288.0,48.0,3.0,2.0,1.0,2.0,4.0,0
12.0,339.0,45.0,4.0,1.0,1.0,1.0,1.0,0
24.0,3512.0,38.0,2.0,2.0,2.0,2.0,2.0,0
6.0,1898.0,34.0,1.0,2.0,0.0,0.0,4.0,0
24.0,2872.0,36.0,3.0,1.0,0.0,2.0,4.0,0
18.0,1055.0,30.0,4.0,2.0,0.0,1.0,4.0,0
15.0,1262.0,36.0,4.0,2.0,0.0,3.0,2.0,0
10.0,7308.0,70.0,2.0,1.0,2.0,1.0,2.0,0
36.0,909.0,36.0,4.0,1.0,0.0,3.0,2.0,0
6.0,2978.0,32.0,1.0,1.0,0.0,3.0,2.0,0
18.0,1131.0,33.0,4.0,1.0,1.0,1.0,2.0,1
11.0,1577.0,20.0,4.0,1.0,2.0,4.0,2.0,0
24.0,3972.0,25.0,2.0,1.0,0.0,1.0,2.0,0
24.0,1935.0,31.0,4.0,2.0,2.0,1.0,4.0,1
15.0,950.0,33.0,4.0,2.0,1.0,1.0,0.0,1
12.0,763.0,26.0,4.0,1.0,0.0,1.0,2.0,0
24.0,2064.0,34.0,3.0,1.0,2.0,1.0,3.0,1
8.0,1414.0,33.0,4.0,1.0,2.0,1.0,2.0,0
21.0,3414.0,26.0,2.0,2.0,1.0,1.0,3.0,1
30.0,7485.0,53.0,4.0,1.0,0.0,0.0,1.0,1
12.0,2577.0,42.0,2.0,1.0,1.0,1.0,2.0,0
6.0,338.0,52.0,4.0,2.0,1.0,3.0,4.0,0
12.0,1963.0,31.0,4.0,2.0,0.0,1.0,2.0,0
21.0,571.0,65.0,4.0,2.0,1.0,1.0,4.0,0
36.0,9572.0,28.0,1.0,2.0,0.0,1.0,3.0,1
36.0,4455.0,30.0,2.0,2.0,2.0,1.0,3.0,1
21.0,1647.0,40.0,4.0,2.0,1.0,0.0,1.0,1
24.0,3777.0,50.0,4.0,1.0,0.0,4.0,4.0,0
18.0,884.0,36.0,4.0,1.0,2.0,1.0,4.0,1
15.0,1360.0,31.0,4.0,2.0,0.0,1.0,4.0,0
9.0,5129.0,74.0,2.0,1.0,2.0,1.0,1.0,1
16.0,1175.0,68.0,2.0,3.0,2.0,1.0,4.0,0
12.0,674.0,20.0,4.0,1.0,1.0,2.0,2.0,1
18.0,3244.0,33.0,1.0,2.0,2.0,1.0,0.0,0
24.0,4591.0,54.0,2.0,3.0,0.0,4.0,2.0,1
48.0,3844.0,34.0,4.0,1.0,2.0,2.0,0.0,1
27.0,3915.0,36.0,4.0,1.0,2.0,1.0,2.0,1
6.0,2108.0,29.0,2.0,1.0,0.0,1.0,2.0,0
45.0,3031.0,21.0,4.0,1.0,2.0,2.0,2.0,1
9.0,1501.0,34.0,2.0,2.0,2.0,1.0,4.0,1
6.0,1382.0,28.0,1.0,2.0,0.0,1.0,4.0,0
12.0,951.0,27.0,4.0,4.0,2.0,2.0,2.0,1
24.0,2760.0,36.0,4.0,1.0,2.0,0.0,2.0,0
18.0,4297.0,40.0,4.0,1.0,2.0,1.0,3.0,1
9.0,936.0,52.0,4.0,2.0,0.0,3.0,4.0,0
12.0,1168.0,27.0,4.0,1.0,1.0,1.0,2.0,0
27.0,5117.0,26.0,3.0,2.0,0.0,1.0,3.0,0
12.0,902.0,21.0,4.0,1.0,1.0,1.0,2.0,1
12.0,1495.0,38.0,4.0,2.0,0.0,1.0,4.0,0
30.0,10623.0,38.0,3.0,3.0,1.0,1.0,4.0,0
12.0,1935.0,43.0,4.0,3.0,0.0,1.0,4.0,0
12.0,1424.0,26.0,4.0,1.0,2.0,1.0,4.0,0
24.0,6568.0,21.0,2.0,1.0,1.0,1.0,2.0,0
12.0,1413.0,55.0,3.0,1.0,0.0,4.0,2.0,0
9.0,3074.0,33.0,1.0,2.0,0.0,0.0,4.0,0
36.0,3835.0,45.0,2.0,1.0,0.0,0.0,2.0,0
27.0,5293.0,50.0,2.0,2.0,1.0,1.0,0.0,1
30.0,1908.0,66.0,4.0,1.0,3.0,1.0,3.0,1
36.0,3342.0,51.0,4.0,1.0,0.0,0.0,4.0,0
6.0,932.0,39.0,1.0,2.0,2.0,0.0,4.0,0
18.0,3104.0,31.0,3.0,1.0,1.0,1.0,0.0,0
36.0,3913.0,23.0,2.0,1.0,3.0,1.0,2.0,0
24.0,3021.0,24.0,2.0,1.0,1.0,1.0,2.0,0
10.0,1364.0,64.0,2.0,1.0,0.0,1.0,2.0,0
12.0,625.0,26.0,4.0,1.0,2.0,1.0,2.0,0
12.0,1200.0,23.0,4.0,1.0,1.0,0.0,2.0,0
12.0,707.0,30.0,4.0,2.0,0.0,1.0,2.0,0
24.0,2978.0,32.0,4.0,2.0,0.0,0.0,3.0,0
15.0,4657.0,30.0,3.0,1.0,0.0,1.0,2.0,0
36.0,2613.0,27.0,4.0,2.0,0.0,1.0,0.0,0
48.0,10961.0,27.0,1.0,2.0,2.0,4.0,2.0,1
12.0,7865.0,53.0,4.0,1.0,1.0,1.0,2.0,1
9.0,1478.0,22.0,4.0,1.0,0.0,1.0,2.0,1
24.0,3149.0,22.0,4.0,1.0,1.0,1.0,2.0,0
36.0,4210.0,26.0,4.0,1.0,3.0,1.0,2.0,1
9.0,2507.0,51.0,2.0,1.0,0.0,3.0,2.0,0
12.0,2141.0,35.0,3.0,1.0,0.0,2.0,2.0,0
18.0,866.0,25.0,4.0,1.0,2.0,1.0,2.0,0
4.0,1544.0,42.0,2.0,3.0,0.0,1.0,4.0,0
24.0,1823.0,30.0,4.0,1.0,1.0,1.0,2.0,1
6.0,14555.0,23.0,1.0,1.0,2.0,0.0,2.0,1
21.0,2767.0,61.0,4.0,2.0,2.0,2.0,2.0,1
12.0,1291.0,35.0,4.0,2.0,0.0,1.0,4.0,0
30.0,2522.0,39.0,1.0,1.0,1.0,1.0,2.0,0
24.0,915.0,29.0,4.0,1.0,1.0,0.0,2.0,1
6.0,1595.0,51.0,3.0,1.0,0.0,1.0,2.0,0
48.0,4605.0,24.0,3.0,2.0,1.0,1.0,0.0,1
12.0,1185.0,27.0,3.0,2.0,0.0,1.0,4.0,0
12.0,3447.0,35.0,4.0,1.0,0.0,3.0,1.0,0
24.0,1258.0,25.0,4.0,1.0,0.0,1.0,2.0,0
12.0,717.0,52.0,4.0,3.0,0.0,1.0,4.0,0
6.0,1204.0,35.0,4.0,1.0,0.0,2.0,0.0,0
24.0,1925.0,26.0,2.0,1.0,3.0,1.0,2.0,0
18.0,433.0,22.0,3.0,1.0,0.0,1.0,2.0,1
6.0,666.0,39.0,3.0,2.0,1.0,4.0,4.0,0
12.0,2251.0,46.0,1.0,1.0,3.0,1.0,2.0,0
30.0,2150.0,24.0,4.0,1.0,2.0,1.0,2.0,1
24.0,4151.0,35.0,2.0,2.0,0.0,2.0,3.0,0
9.0,2030.0,24.0,2.0,1.0,2.0,0.0,2.0,0
60.0,7418.0,27.0,1.0,1.0,2.0,0.0,3.0,0
24.0,2684.0,35.0,4.0,2.0,0.0,1.0,4.0,0
12.0,2149.0,29.0,4.0,1.0,1.0,1.0,1.0,1
15.0,3812.0,23.0,1.0,1.0,0.0,2.0,2.0,0
11.0,1154.0,57.0,4.0,3.0,0.0,2.0,4.0,0
12.0,1657.0,27.0,2.0,1.0,1.0,1.0,2.0,0
24.0,1603.0,55.0,4.0,1.0,1.0,1.0,2.0,0
18.0,5302.0,36.0,2.0,3.0,1.0,1.0,4.0,0
12.0,2748.0,57.0,2.0,3.0,0.0,1.0,4.0,0
10.0,1231.0,32.0,3.0,2.0,0.0,1.0,4.0,0
15.0,802.0,37.0,4.0,1.0,2.0,1.0,2.0,1
36.0,6304.0,36.0,4.0,2.0,0.0,0.0,4.0,0
24.0,1533.0,38.0,4.0,1.0,0.0,1.0,2.0,0
14.0,8978.0,45.0,1.0,1.0,1.0,1.0,2.0,1
24.0,999.0,25.0,4.0,2.0,0.0,0.0,2.0,0
18.0,2662.0,32.0,4.0,1.0,0.0,0.0,2.0,0
12.0,1402.0,37.0,3.0,1.0,0.0,3.0,4.0,0
48.0,12169.0,36.0,4.0,1.0,2.0,0.0,1.0,0
48.0,3060.0,28.0,4.0,2.0,2.0,1.0,2.0,1
30.0,11998.0,34.0,1.0,1.0,1.0,1.0,2.0,1
9.0,2697.0,32.0,1.0,1.0,0.0,1.0,2.0,0
18.0,2404.0,26.0,2.0,2.0,0.0,1.0,4.0,0
12.0,1262.0,49.0,2.0,1.0,1.0,0.0,2.0,0
6.0,4611.0,32.0,1.0,1.0,0.0,1.0,2.0,1
24.0,1901.0,29.0,4.0,1.0,0.0,2.0,2.0,0
15.0,3368.0,23.0,3.0,2.0,0.0,4.0,4.0,0
12.0,1574.0,50.0,4.0,1.0,0.0,1.0,2.0,0
18.0,1445.0,49.0,4.0,1.0,3.0,0.0,1.0,0
15.0,1520.0,63.0,4.0,1.0,0.0,0.0,4.0,0
24.0,3878.0,37.0,4.0,1.0,2.0,2.0,4.0,0
47.0,10722.0,35.0,1.0,1.0,1.0,1.0,2.0,0
48.0,4788.0,26.0,4.0,1.0,1.0,1.0,2.0,0
48.0,7582.0,31.0,2.0,1.0,2.0,2.0,3.0,0
12.0,1092.0,49.0,4.0,2.0,2.0,1.0,2.0,0
24.0,1024.0,48.0,4.0,1.0,1.0,1.0,3.0,1
12.0,1076.0,26.0,2.0,1.0,0.0,1.0,2.0,0
36.0,9398.0,28.0,1.0,1.0,2.0,1.0,2.0,1
24.0,6419.0,44.0,2.0,2.0,1.0,1.0,4.0,0
42.0,4796.0,56.0,4.0,1.0,3.0,1.0,4.0,0
48.0,7629.0,46.0,4.0,2.0,0.0,0.0,4.0,0
48.0,9960.0,26.0,1.0,1.0,2.0,1.0,2.0,1
12.0,4675.0,20.0,1.0,1.0,0.0,0.0,2.0,0
10.0,1287.0,45.0,4.0,1.0,0.0,0.0,2.0,0
18.0,2515.0,43.0,3.0,1.0,0.0,1.0,2.0,0
21.0,2745.0,32.0,3.0,2.0,2.0,4.0,4.0,0
6.0,672.0,54.0,1.0,1.0,0.0,1.0,2.0,0
36.0,3804.0,42.0,4.0,1.0,2.0,1.0,0.0,1
24.0,1344.0,37.0,4.0,2.0,3.0,0.0,4.0,1
10.0,1038.0,49.0,4.0,2.0,1.0,1.0,4.0,0
48.0,10127.0,44.0,2.0,1.0,0.0,3.0,4.0,1
6.0,1543.0,33.0,4.0,1.0,0.0,4.0,2.0,0
30.0,4811.0,24.0,2.0,1.0,0.0,0.0,2.0,0
12.0,727.0,33.0,4.0,1.0,1.0,2.0,2.0,1
8.0,1237.0,24.0,3.0,1.0,2.0,1.0,2.0,1
9.0,276.0,22.0,4.0,1.0,2.0,1.0,2.0,0
48.0,5381.0,40.0,3.0,1.0,2.0,0.0,2.0,0
24.0,5511.0,25.0,4.0,1.0,0.0,2.0,2.0,0
24.0,3749.0,26.0,2.0,1.0,3.0,1.0,2.0,0
12.0,685.0,25.0,2.0,1.0,2.0,1.0,2.0,1
4.0,1494.0,29.0,1.0,1.0,3.0,0.0,2.0,0
36.0,2746.0,31.0,4.0,1.0,1.0,1.0,1.0,1
12.0,708.0,38.0,2.0,1.0,1.0,1.0,2.0,0
24.0,4351.0,48.0,1.0,1.0,2.0,0.0,2.0,0
12.0,701.0,32.0,4.0,2.0,0.0,1.0,4.0,0
15.0,3643.0,27.0,1.0,2.0,1.0,1.0,3.0,0
30.0,4249.0,28.0,4.0,2.0,2.0,1.0,4.0,1
24.0,1938.0,32.0,4.0,1.0,1.0,1.0,2.0,1
24.0,2910.0,34.0,2.0,1.0,1.0,1.0,2.0,0
18.0,2659.0,28.0,4.0,1.0,1.0,4.0,2.0,0
18.0,1028.0,36.0,4.0,2.0,0.0,1.0,4.0,0
8.0,3398.0,39.0,1.0,2.0,1.0,1.0,4.0,0
12.0,5801.0,49.0,2.0,1.0,0.0,0.0,4.0,0
24.0,1525.0,34.0,4.0,1.0,0.0,4.0,2.0,0
36.0,4473.0,31.0,4.0,1.0,3.0,1.0,2.0,0
6.0,1068.0,28.0,4.0,1.0,2.0,1.0,2.0,0
24.0,6615.0,75.0,2.0,2.0,1.0,1.0,4.0,0
18.0,1864.0,30.0,4.0,2.0,0.0,2.0,4.0,1
60.0,7408.0,24.0,4.0,1.0,2.0,2.0,2.0,1
48.0,11590.0,24.0,2.0,2.0,0.0,2.0,4.0,1
24.0,4110.0,23.0,3.0,2.0,1.0,1.0,0.0,1
6.0,3384.0,44.0,1.0,1.0,1.0,1.0,4.0,1
13.0,2101.0,23.0,2.0,1.0,2.0,1.0,2.0,0
15.0,1275.0,24.0,4.0,1.0,1.0,0.0,2.0,1
24.0,4169.0,28.0,4.0,1.0,1.0,1.0,2.0,0
10.0,1521.0,31.0,4.0,1.0,2.0,1.0,2.0,0
24.0,5743.0,24.0,2.0,2.0,2.0,1.0,4.0,0
21.0,3599.0,26.0,1.0,1.0,1.0,1.0,2.0,0
18.0,3213.0,25.0,1.0,1.0,2.0,3.0,2.0,0
18.0,4439.0,33.0,1.0,1.0,2.0,1.0,2.0,0
10.0,3949.0,37.0,1.0,1.0,3.0,1.0,2.0,0
15.0,1459.0,43.0,4.0,1.0,0.0,1.0,4.0,0
13.0,882.0,23.0,4.0,2.0,2.0,1.0,4.0,0
24.0,3758.0,23.0,1.0,1.0,2.0,3.0,2.0,0
6.0,1743.0,34.0,1.0,2.0,0.0,2.0,3.0,0
9.0,1136.0,32.0,4.0,2.0,2.0,4.0,4.0,1
9.0,1236.0,23.0,1.0,1.0,0.0,1.0,2.0,0
9.0,959.0,29.0,1.0,1.0,2.0,1.0,2.0,1
18.0,3229.0,38.0,2.0,1.0,0.0,0.0,4.0,0
12.0,6199.0,28.0,4.0,2.0,1.0,1.0,0.0,1
10.0,727.0,46.0,4.0,1.0,0.0,3.0,2.0,0
24.0,1246.0,23.0,4.0,1.0,2.0,1.0,2.0,1
12.0,2331.0,49.0,1.0,1.0,0.0,0.0,4.0,0
36.0,4463.0,26.0,4.0,2.0,0.0,1.0,3.0,1
12.0,776.0,28.0,4.0,1.0,0.0,1.0,2.0,0
30.0,2406.0,23.0,4.0,1.0,1.0,1.0,2.0,1
18.0,1239.0,61.0,4.0,1.0,2.0,0.0,2.0,0
12.0,3399.0,37.0,2.0,1.0,3.0,0.0,2.0,0
12.0,2247.0,36.0,2.0,2.0,3.0,1.0,3.0,0
6.0,1766.0,21.0,1.0,1.0,0.0,1.0,2.0,0
18.0,2473.0,25.0,4.0,1.0,1.0,1.0,2.0,1
12.0,1542.0,36.0,2.0,1.0,0.0,1.0,2.0,0
18.0,3850.0,27.0,3.0,2.0,0.0,1.0,4.0,0
18.0,3650.0,22.0,1.0,1.0,1.0,1.0,2.0,0
36.0,3446.0,42.0,4.0,1.0,1.0,1.0,2.0,1
18.0,3001.0,40.0,2.0,1.0,2.0,1.0,2.0,0
36.0,3079.0,36.0,4.0,1.0,0.0,0.0,2.0,0
18.0,6070.0,33.0,3.0,2.0,0.0,1.0,4.0,0
10.0,2146.0,23.0,1.0,2.0,0.0,1.0,4.0,0
60.0,13756.0,63.0,2.0,1.0,0.0,0.0,4.0,0
60.0,14782.0,60.0,3.0,2.0,2.0,2.0,1.0,1
48.0,7685.0,37.0,2.0,1.0,1.0,1.0,1.0,1
18.0,2320.0,34.0,2.0,2.0,0.0,1.0,3.0,0
7.0,846.0,36.0,3.0,1.0,0.0,0.0,3.0,0
36.0,14318.0,57.0,4.0,1.0,2.0,1.0,2.0,1
6.0,362.0,52.0,4.0,2.0,0.0,2.0,4.0,0
20.0,2212.0,39.0,4.0,1.0,1.0,0.0,2.0,0
18.0,12976.0,38.0,3.0,1.0,2.0,1.0,2.0,1
22.0,1283.0,25.0,4.0,1.0,0.0,0.0,2.0,0
12.0,1330.0,26.0,4.0,1.0,3.0,1.0,2.0,0
30.0,4272.0,26.0,2.0,2.0,0.0,2.0,3.0,0
18.0,2238.0,25.0,2.0,2.0,0.0,1.0,4.0,0
18.0,1126.0,21.0,4.0,1.0,0.0,0.0,2.0,0
18.0,7374.0,40.0,4.0,2.0,2.0,1.0,4.0,0
15.0,2326.0,27.0,2.0,1.0,2.0,3.0,4.0,0
9.0,1449.0,27.0,3.0,2.0,0.0,1.0,2.0,0
18.0,1820.0,30.0,2.0,1.0,0.0,1.0,2.0,0
12.0,983.0,19.0,1.0,1.0,2.0,4.0,2.0,0
36.0,3249.0,39.0,2.0,1.0,1.0,1.0,2.0,0
6.0,1957.0,31.0,1.0,1.0,1.0,1.0,4.0,0
9.0,2406.0,31.0,2.0,1.0,0.0,1.0,4.0,0
39.0,11760.0,32.0,2.0,1.0,2.0,2.0,3.0,0
12.0,2578.0,55.0,3.0,1.0,1.0,1.0,2.0,0
36.0,2348.0,46.0,3.0,2.0,1.0,1.0,4.0,0
12.0,1223.0,46.0,1.0,2.0,2.0,1.0,2.0,1
24.0,1516.0,43.0,4.0,2.0,0.0,4.0,4.0,0
18.0,1473.0,39.0,3.0,1.0,0.0,1.0,2.0,0
18.0,1887.0,28.0,4.0,2.0,2.0,0.0,4.0,0
24.0,8648.0,27.0,2.0,2.0,0.0,1.0,3.0,1
14.0,802.0,27.0,4.0,2.0,0.0,1.0,3.0,0
18.0,2899.0,43.0,4.0,1.0,2.0,0.0,3.0,0
24.0,2039.0,22.0,1.0,1.0,2.0,1.0,2.0,1
24.0,2197.0,43.0,4.0,2.0,0.0,0.0,4.0,0
15.0,1053.0,27.0,4.0,1.0,1.0,1.0,2.0,0
24.0,3235.0,26.0,3.0,1.0,0.0,3.0,2.0,0
12.0,939.0,28.0,4.0,3.0,3.0,3.0,4.0,1
24.0,1967.0,20.0,4.0,1.0,2.0,1.0,2.0,0
33.0,7253.0,35.0,3.0,2.0,0.0,1.0,4.0,0
12.0,2292.0,42.0,4.0,2.0,0.0,1.0,4.0,1
10.0,1597.0,40.0,3.0,1.0,0.0,3.0,2.0,0
24.0,1381.0,35.0,4.0,1.0,1.0,0.0,2.0,1
36.0,5842.0,35.0,2.0,2.0,0.0,1.0,4.0,0
12.0,2579.0,33.0,4.0,1.0,1.0,1.0,2.0,1
18.0,8471.0,23.0,1.0,2.0,1.0,0.0,3.0,0
21.0,2782.0,31.0,1.0,1.0,0.0,3.0,2.0,0
18.0,1042.0,33.0,4.0,1.0,2.0,0.0,2.0,1
15.0,3186.0,20.0,2.0,1.0,0.0,4.0,2.0,0
12.0,2028.0,30.0,4.0,1.0,2.0,0.0,2.0,0
12.0,958.0,47.0,2.0,2.0,2.0,1.0,4.0,0
21.0,1591.0,34.0,4.0,2.0,0.0,2.0,3.0,0
12.0,2762.0,25.0,1.0,1.0,2.0,0.0,2.0,1
18.0,2779.0,21.0,1.0,1.0,2.0,1.0,2.0,0
28.0,2743.0,29.0,4.0,2.0,0.0,1.0,4.0,0
18.0,1149.0,46.0,4.0,2.0,0.0,4.0,4.0,0
9.0,1313.0,20.0,1.0,1.0,0.0,1.0,2.0,0
18.0,1190.0,55.0,2.0,3.0,1.0,1.0,4.0,1
5.0,3448.0,74.0,1.0,1.0,0.0,1.0,2.0,0
24.0,11328.0,29.0,2.0,2.0,2.0,1.0,2.0,1
6.0,1872.0,36.0,4.0,3.0,1.0,1.0,4.0,0
24.0,2058.0,33.0,4.0,2.0,0.0,1.0,4.0,0
9.0,2136.0,25.0,3.0,1.0,1.0,1.0,2.0,0
12.0,1484.0,25.0,2.0,1.0,2.0,0.0,2.0,1
6.0,660.0,23.0,2.0,1.0,0.0,3.0,2.0,0
24.0,1287.0,37.0,4.0,2.0,0.0,4.0,4.0,0
42.0,3394.0,65.0,4.0,2.0,1.0,1.0,4.0,0
12.0,609.0,26.0,4.0,1.0,3.0,1.0,1.0,1
12.0,1884.0,39.0,4.0,1.0,0.0,1.0,2.0,0
12.0,1620.0,30.0,2.0,1.0,1.0,1.0,2.0,0
20.0,2629.0,29.0,2.0,2.0,2.0,1.0,3.0,0
12.0,719.0,41.0,4.0,1.0,0.0,1.0,2.0,1
48.0,5096.0,30.0,2.0,1.0,2.0,1.0,4.0,1
9.0,1244.0,41.0,4.0,2.0,0.0,0.0,4.0,0
36.0,1842.0,34.0,4.0,1.0,1.0,1.0,2.0,1
7.0,2576.0,35.0,2.0,1.0,2.0,1.0,2.0,0
12.0,1424.0,55.0,3.0,1.0,3.0,0.0,2.0,0
15.0,1512.0,61.0,3.0,2.0,2.0,4.0,3.0,1
36.0,11054.0,30.0,4.0,1.0,0.0,0.0,4.0,0
6.0,518.0,29.0,3.0,1.0,0.0,1.0,2.0,0
12.0,2759.0,34.0,2.0,2.0,0.0,1.0,0.0,0
24.0,2670.0,35.0,4.0,1.0,0.0,1.0,2.0,0
24.0,4817.0,31.0,2.0,1.0,1.0,1.0,2.0,1
24.0,2679.0,29.0,4.0,1.0,0.0,1.0,2.0,0
11.0,3905.0,36.0,2.0,2.0,1.0,1.0,4.0,0
12.0,3386.0,35.0,3.0,1.0,1.0,1.0,2.0,1
6.0,343.0,27.0,4.0,1.0,1.0,1.0,2.0,0
18.0,4594.0,32.0,3.0,1.0,0.0,1.0,2.0,0
36.0,3620.0,37.0,1.0,1.0,1.0,1.0,2.0,0
15.0,1721.0,36.0,2.0,1.0,1.0,1.0,2.0,0
12.0,3017.0,34.0,3.0,1.0,2.0,1.0,2.0,0
12.0,754.0,38.0,4.0,2.0,2.0,0.0,2.0,0
18.0,1950.0,34.0,4.0,2.0,0.0,1.0,2.0,0
24.0,2924.0,63.0,3.0,1.0,1.0,1.0,2.0,0
24.0,1659.0,29.0,4.0,1.0,1.0,1.0,3.0,1
48.0,7238.0,32.0,3.0,2.0,0.0,0.0,3.0,0
33.0,2764.0,26.0,2.0,2.0,0.0,1.0,3.0,0
24.0,4679.0,35.0,3.0,2.0,0.0,1.0,3.0,0
24.0,3092.0,22.0,3.0,1.0,2.0,2.0,2.0,1
6.0,448.0,23.0,4.0,1.0,1.0,1.0,2.0,1
9.0,654.0,28.0,4.0,1.0,1.0,1.0,2.0,1
6.0,1238.0,36.0,4.0,1.0,0.0,0.0,2.0,0
18.0,1245.0,33.0,4.0,1.0,2.0,1.0,4.0,1
18.0,3114.0,26.0,1.0,1.0,1.0,1.0,0.0,1
39.0,2569.0,24.0,4.0,1.0,0.0,3.0,2.0,0
24.0,5152.0,25.0,4.0,1.0,3.0,1.0,2.0,0
12.0,1037.0,39.0,3.0,1.0,2.0,2.0,2.0,0
15.0,1478.0,44.0,4.0,2.0,1.0,1.0,4.0,0
12.0,3573.0,23.0,1.0,1.0,2.0,1.0,4.0,0
24.0,1201.0,26.0,4.0,1.0,2.0,1.0,2.0,0
30.0,3622.0,57.0,4.0,2.0,1.0,4.0,2.0,0
15.0,960.0,30.0,3.0,2.0,0.0,4.0,3.0,0
12.0,1163.0,44.0,4.0,1.0,0.0,3.0,4.0,0
6.0,1209.0,47.0,4.0,1.0,2.0,1.0,3.0,1
12.0,3077.0,52.0,2.0,1.0,0.0,1.0,2.0,0
24.0,3757.0,62.0,4.0,1.0,0.0,1.0,2.0,0
10.0,1418.0,35.0,3.0,1.0,0.0,2.0,2.0,0
6.0,3518.0,26.0,2.0,1.0,0.0,1.0,2.0,0
12.0,1934.0,26.0,2.0,2.0,0.0,1.0,4.0,0
27.0,8318.0,42.0,2.0,2.0,2.0,1.0,0.0,1
6.0,1237.0,27.0,1.0,2.0,0.0,2.0,4.0,0
6.0,368.0,38.0,4.0,1.0,2.0,0.0,2.0,0
12.0,2122.0,39.0,3.0,2.0,1.0,1.0,4.0,0
24.0,2996.0,20.0,2.0,1.0,1.0,0.0,2.0,1
36.0,9034.0,29.0,4.0,1.0,2.0,2.0,2.0,1
24.0,1585.0,40.0,4.0,2.0,0.0,1.0,4.0,0
18.0,1301.0,32.0,4.0,1.0,2.0,1.0,2.0,0
6.0,1323.0,28.0,2.0,2.0,3.0,2.0,4.0,0
24.0,3123.0,27.0,4.0,1.0,1.0,1.0,2.0,1
36.0,5493.0,42.0,2.0,1.0,1.0,1.0,2.0,0
9.0,1126.0,49.0,2.0,1.0,3.0,2.0,2.0,0
24.0,1216.0,38.0,4.0,2.0,2.0,2.0,4.0,1
24.0,1207.0,24.0,4.0,1.0,1.0,1.0,2.0,1
10.0,1309.0,27.0,4.0,1.0,0.0,0.0,2.0,1
15.0,2360.0,36.0,2.0,1.0,3.0,3.0,4.0,0
15.0,6850.0,34.0,1.0,1.0,2.0,2.0,1.0,1
24.0,1413.0,28.0,4.0,1.0,0.0,1.0,2.0,0
39.0,8588.0,45.0,4.0,1.0,0.0,2.0,2.0,0
12.0,759.0,26.0,4.0,1.0,1.0,1.0,2.0,1
36.0,4686.0,32.0,2.0,1.0,0.0,1.0,2.0,0
15.0,2687.0,26.0,2.0,1.0,3.0,1.0,2.0,0
12.0,585.0,20.0,4.0,2.0,2.0,1.0,3.0,0
24.0,2255.0,54.0,4.0,1.0,0.0,0.0,2.0,0
6.0,609.0,37.0,4.0,2.0,1.0,1.0,4.0,0
6.0,1361.0,40.0,2.0,1.0,1.0,1.0,4.0,0
36.0,7127.0,23.0,2.0,2.0,0.0,1.0,4.0,1
6.0,1203.0,43.0,3.0,1.0,1.0,2.0,2.0,0
6.0,700.0,36.0,4.0,2.0,0.0,0.0,4.0,0
24.0,5507.0,44.0,3.0,2.0,0.0,1.0,4.0,0
18.0,3190.0,24.0,2.0,1.0,1.0,1.0,2.0,1
48.0,7119.0,53.0,3.0,2.0,1.0,1.0,0.0,1
24.0,3488.0,23.0,3.0,1.0,0.0,2.0,2.0,0
18.0,1113.0,26.0,4.0,1.0,2.0,1.0,2.0,0
26.0,7966.0,30.0,2.0,2.0,2.0,1.0,2.0,0
15.0,1532.0,31.0,4.0,1.0,0.0,2.0,4.0,0
4.0,1503.0,42.0,2.0,2.0,0.0,1.0,4.0,0
36.0,2302.0,31.0,4.0,1.0,1.0,1.0,2.0,1
6.0,662.0,41.0,3.0,1.0,1.0,1.0,2.0,0
36.0,2273.0,32.0,3.0,2.0,2.0,1.0,2.0,0
15.0,2631.0,28.0,2.0,2.0,2.0,2.0,2.0,1
12.0,1503.0,41.0,4.0,1.0,0.0,1.0,3.0,0
24.0,1311.0,26.0,4.0,1.0,0.0,2.0,2.0,0
24.0,3105.0,25.0,4.0,2.0,0.0,0.0,2.0,0
21.0,2319.0,33.0,2.0,1.0,3.0,1.0,4.0,1
6.0,1374.0,75.0,4.0,1.0,1.0,0.0,2.0,0
18.0,3612.0,37.0,3.0,1.0,2.0,1.0,4.0,0
48.0,7763.0,42.0,4.0,1.0,1.0,1.0,2.0,1
18.0,3049.0,45.0,1.0,1.0,3.0,1.0,2.0,0
12.0,1534.0,23.0,1.0,1.0,2.0,1.0,2.0,1
24.0,2032.0,60.0,4.0,2.0,0.0,1.0,3.0,0
30.0,6350.0,31.0,4.0,1.0,1.0,0.0,2.0,1
18.0,2864.0,34.0,2.0,1.0,3.0,1.0,2.0,1
12.0,1255.0,61.0,4.0,2.0,0.0,1.0,4.0,0
24.0,1333.0,43.0,4.0,2.0,1.0,1.0,3.0,1
24.0,2022.0,37.0,4.0,1.0,0.0,1.0,4.0,0
24.0,1552.0,32.0,3.0,1.0,0.0,1.0,2.0,0
12.0,626.0,24.0,4.0,1.0,1.0,1.0,1.0,1
48.0,8858.0,35.0,2.0,2.0,0.0,0.0,4.0,0
12.0,996.0,23.0,4.0,2.0,0.0,0.0,4.0,0
6.0,1750.0,45.0,2.0,1.0,0.0,3.0,1.0,0
48.0,6999.0,34.0,1.0,2.0,1.0,1.0,2.0,1
12.0,1995.0,27.0,4.0,1.0,2.0,2.0,4.0,0
9.0,1199.0,67.0,4.0,2.0,2.0,1.0,2.0,0
12.0,1331.0,22.0,2.0,1.0,2.0,1.0,2.0,1
18.0,2278.0,28.0,3.0,2.0,2.0,2.0,0.0,1
21.0,5003.0,29.0,1.0,2.0,0.0,0.0,0.0,1
24.0,3552.0,27.0,3.0,1.0,1.0,1.0,1.0,1
18.0,1928.0,31.0,2.0,2.0,2.0,1.0,4.0,1
24.0,2964.0,49.0,4.0,1.0,1.0,0.0,2.0,0
24.0,1546.0,24.0,4.0,1.0,1.0,1.0,1.0,1
6.0,683.0,29.0,2.0,1.0,3.0,1.0,3.0,0
36.0,12389.0,37.0,1.0,1.0,2.0,0.0,2.0,1
24.0,4712.0,37.0,4.0,2.0,2.0,0.0,3.0,0
24.0,1553.0,23.0,3.0,2.0,2.0,2.0,3.0,0
12.0,1372.0,36.0,2.0,1.0,1.0,1.0,2.0,1
24.0,2578.0,34.0,2.0,1.0,0.0,4.0,4.0,0
48.0,3979.0,41.0,4.0,2.0,2.0,0.0,2.0,0
48.0,6758.0,31.0,3.0,1.0,1.0,1.0,2.0,1
24.0,3234.0,23.0,4.0,1.0,1.0,1.0,2.0,1
30.0,5954.0,38.0,3.0,1.0,0.0,1.0,4.0,0
24.0,5433.0,26.0,2.0,1.0,0.0,0.0,2.0,0
15.0,806.0,22.0,4.0,1.0,1.0,1.0,2.0,0
9.0,1082.0,27.0,4.0,2.0,2.0,1.0,2.0,0
15.0,2788.0,24.0,2.0,2.0,0.0,1.0,4.0,0
12.0,2930.0,27.0,2.0,1.0,2.0,1.0,2.0,0
24.0,1927.0,33.0,3.0,2.0,0.0,0.0,4.0,0
36.0,2820.0,27.0,4.0,2.0,2.0,1.0,4.0,1
24.0,937.0,27.0,4.0,2.0,0.0,1.0,2.0,0
18.0,1056.0,30.0,3.0,2.0,2.0,1.0,4.0,1
12.0,3124.0,49.0,1.0,2.0,2.0,1.0,4.0,0
9.0,1388.0,26.0,4.0,1.0,0.0,1.0,2.0,0
36.0,2384.0,33.0,4.0,1.0,2.0,1.0,2.0,1
12.0,2133.0,52.0,4.0,1.0,0.0,0.0,2.0,0
18.0,2039.0,20.0,1.0,1.0,1.0,1.0,2.0,1
9.0,2799.0,36.0,2.0,2.0,1.0,1.0,4.0,0
12.0,1289.0,21.0,4.0,1.0,1.0,1.0,2.0,0
18.0,1217.0,47.0,4.0,1.0,1.0,1.0,2.0,1
12.0,2246.0,60.0,3.0,2.0,1.0,1.0,4.0,1
12.0,385.0,58.0,4.0,4.0,1.0,1.0,4.0,0
24.0,1965.0,42.0,4.0,2.0,2.0,0.0,3.0,0
21.0,1572.0,36.0,4.0,1.0,0.0,4.0,2.0,0
24.0,2718.0,20.0,3.0,1.0,2.0,1.0,2.0,1
24.0,1358.0,40.0,4.0,1.0,1.0,0.0,1.0,1
6.0,931.0,32.0,1.0,1.0,2.0,2.0,1.0,1
24.0,1442.0,23.0,4.0,2.0,1.0,1.0,2.0,1
24.0,4241.0,36.0,1.0,3.0,2.0,1.0,0.0,1
18.0,2775.0,31.0,2.0,2.0,0.0,1.0,4.0,1
24.0,3863.0,32.0,1.0,1.0,0.0,1.0,3.0,0
7.0,2329.0,45.0,1.0,1.0,2.0,1.0,2.0,0
9.0,918.0,30.0,4.0,1.0,2.0,1.0,2.0,1
24.0,1837.0,34.0,4.0,1.0,2.0,1.0,1.0,1
36.0,3349.0,28.0,4.0,1.0,0.0,1.0,2.0,1
10.0,1275.0,23.0,4.0,1.0,3.0,1.0,2.0,0
24.0,2828.0,22.0,4.0,1.0,1.0,3.0,1.0,0
24.0,4526.0,74.0,3.0,1.0,0.0,1.0,4.0,0
36.0,2671.0,50.0,4.0,1.0,2.0,2.0,2.0,1
18.0,2051.0,33.0,4.0,1.0,0.0,1.0,2.0,0
15.0,1300.0,45.0,4.0,1.0,0.0,0.0,2.0,0
12.0,741.0,22.0,4.0,1.0,1.0,2.0,2.0,1
10.0,1240.0,48.0,1.0,1.0,3.0,2.0,2.0,1
21.0,3357.0,29.0,4.0,1.0,1.0,4.0,2.0,0
24.0,3632.0,22.0,1.0,1.0,1.0,1.0,1.0,0
18.0,1808.0,22.0,4.0,1.0,0.0,1.0,3.0,1
48.0,12204.0,48.0,2.0,1.0,2.0,0.0,0.0,0
60.0,9157.0,27.0,2.0,1.0,2.0,0.0,3.0,0
6.0,3676.0,37.0,1.0,3.0,1.0,1.0,4.0,0
30.0,3441.0,21.0,2.0,1.0,2.0,2.0,2.0,1
12.0,640.0,49.0,4.0,1.0,0.0,1.0,2.0,0
21.0,3652.0,27.0,2.0,2.0,2.0,1.0,4.0,0
18.0,1530.0,32.0,3.0,2.0,0.0,1.0,4.0,1
48.0,3914.0,38.0,4.0,1.0,0.0,0.0,2.0,1
12.0,1858.0,22.0,4.0,1.0,1.0,1.0,2.0,0
18.0,2600.0,65.0,4.0,2.0,1.0,1.0,2.0,1
15.0,1979.0,35.0,4.0,1.0,0.0,0.0,2.0,0
6.0,2116.0,41.0,2.0,1.0,3.0,1.0,2.0,0
9.0,1437.0,29.0,2.0,1.0,2.0,2.0,1.0,1
42.0,4042.0,36.0,4.0,2.0,0.0,3.0,4.0,0
9.0,3832.0,64.0,1.0,1.0,0.0,0.0,2.0,0
24.0,3660.0,28.0,2.0,1.0,1.0,1.0,2.0,0
18.0,1553.0,44.0,4.0,1.0,1.0,1.0,1.0,1
15.0,1444.0,23.0,4.0,1.0,2.0,0.0,2.0,0
9.0,1980.0,19.0,2.0,2.0,0.0,1.0,2.0,1
24.0,1355.0,25.0,3.0,1.0,2.0,1.0,2.0,1
12.0,1393.0,47.0,4.0,3.0,0.0,1.0,2.0,0
24.0,1376.0,28.0,4.0,1.0,0.0,3.0,2.0,0
60.0,15653.0,21.0,2.0,2.0,0.0,1.0,3.0,0
12.0,1493.0,34.0,4.0,1.0,0.0,1.0,2.0,0
42.0,4370.0,26.0,3.0,2.0,1.0,1.0,3.0,1
18.0,750.0,27.0,4.0,1.0,1.0,1.0,2.0,1
15.0,1308.0,38.0,4.0,2.0,2.0,1.0,2.0,0
15.0,4623.0,40.0,3.0,1.0,0.0,2.0,2.0,1
24.0,1851.0,33.0,4.0,2.0,0.0,1.0,4.0,0
18.0,1880.0,32.0,4.0,2.0,1.0,1.0,4.0,0
36.0,7980.0,27.0,4.0,2.0,0.0,0.0,3.0,1
30.0,4583.0,32.0,2.0,2.0,1.0,1.0,0.0,0
12.0,1386.0,26.0,2.0,1.0,0.0,3.0,2.0,1
24.0,947.0,38.0,4.0,1.0,3.0,1.0,2.0,1
12.0,684.0,40.0,4.0,1.0,1.0,1.0,2.0,1
48.0,7476.0,50.0,4.0,1.0,1.0,1.0,2.0,0
12.0,1922.0,37.0,4.0,1.0,2.0,1.0,2.0,1
24.0,2303.0,45.0,4.0,1.0,1.0,1.0,2.0,1
36.0,8086.0,42.0,2.0,4.0,2.0,2.0,3.0,1
24.0,2346.0,35.0,4.0,2.0,0.0,1.0,4.0,0
14.0,3973.0,22.0,1.0,1.0,1.0,1.0,2.0,0
12.0,888.0,41.0,4.0,1.0,2.0,1.0,2.0,1
48.0,10222.0,37.0,4.0,1.0,0.0,0.0,2.0,0
30.0,4221.0,28.0,2.0,2.0,2.0,1.0,0.0,0
18.0,6361.0,41.0,2.0,1.0,2.0,1.0,4.0,0
12.0,1297.0,23.0,3.0,1.0,3.0,1.0,2.0,0
12.0,900.0,23.0,4.0,1.0,1.0,0.0,2.0,1
21.0,2241.0,50.0,4.0,2.0,0.0,1.0,2.0,0
6.0,1050.0,35.0,4.0,2.0,2.0,1.0,3.0,0
6.0,1047.0,50.0,2.0,1.0,3.0,1.0,4.0,0
24.0,6314.0,27.0,4.0,2.0,0.0,1.0,4.0,0
30.0,3496.0,34.0,4.0,1.0,2.0,4.0,1.0,0
48.0,3609.0,27.0,1.0,1.0,0.0,1.0,1.0,0
12.0,4843.0,43.0,3.0,2.0,1.0,1.0,4.0,1
30.0,3017.0,47.0,4.0,1.0,3.0,1.0,4.0,0
24.0,4139.0,27.0,3.0,2.0,0.0,2.0,4.0,0
36.0,5742.0,31.0,2.0,2.0,0.0,2.0,2.0,0
60.0,10366.0,42.0,2.0,1.0,0.0,1.0,2.0,0
6.0,2080.0,24.0,1.0,1.0,0.0,3.0,4.0,0
21.0,2580.0,41.0,4.0,1.0,0.0,3.0,3.0,1
30.0,4530.0,26.0,4.0,1.0,0.0,1.0,4.0,0
24.0,5150.0,33.0,4.0,1.0,0.0,1.0,4.0,0
72.0,5595.0,24.0,2.0,1.0,2.0,2.0,2.0,1
24.0,2384.0,64.0,4.0,1.0,1.0,1.0,2.0,0
18.0,1453.0,26.0,3.0,1.0,0.0,1.0,2.0,0
6.0,1538.0,56.0,1.0,1.0,0.0,1.0,2.0,0
12.0,2279.0,37.0,4.0,1.0,0.0,0.0,2.0,0
15.0,1478.0,33.0,4.0,2.0,0.0,1.0,3.0,0
24.0,5103.0,47.0,3.0,3.0,0.0,1.0,4.0,0
36.0,9857.0,31.0,1.0,2.0,2.0,2.0,3.0,0
60.0,6527.0,34.0,4.0,1.0,0.0,0.0,2.0,0
10.0,1347.0,27.0,4.0,2.0,3.0,0.0,4.0,0
36.0,2862.0,30.0,4.0,1.0,2.0,2.0,3.0,0
9.0,2753.0,35.0,3.0,1.0,0.0,2.0,2.0,0
12.0,3651.0,31.0,1.0,1.0,1.0,4.0,2.0,0
15.0,975.0,25.0,2.0,2.0,1.0,1.0,4.0,0
15.0,2631.0,25.0,3.0,1.0,2.0,2.0,2.0,0
24.0,2896.0,29.0,2.0,1.0,2.0,2.0,2.0,0
6.0,4716.0,44.0,1.0,2.0,1.0,0.0,4.0,0
24.0,2284.0,28.0,4.0,1.0,0.0,1.0,2.0,0
6.0,1236.0,50.0,2.0,1.0,0.0,3.0,2.0,0
12.0,1103.0,29.0,4.0,2.0,2.0,1.0,2.0,0
12.0,926.0,38.0,1.0,1.0,0.0,1.0,4.0,0
18.0,1800.0,24.0,4.0,2.0,0.0,1.0,4.0,0
15.0,1905.0,40.0,4.0,1.0,3.0,1.0,2.0,0
12.0,1123.0,29.0,4.0,1.0,0.0,3.0,2.0,1
48.0,6331.0,46.0,4.0,2.0,1.0,1.0,4.0,1
24.0,1377.0,47.0,4.0,1.0,3.0,2.0,2.0,0
30.0,2503.0,41.0,4.0,2.0,2.0,2.0,3.0,0
27.0,2528.0,32.0,4.0,1.0,2.0,1.0,2.0,0
15.0,5324.0,35.0,1.0,1.0,0.0,3.0,2.0,0
48.0,6560.0,24.0,3.0,1.0,2.0,2.0,2.0,1
12.0,2969.0,25.0,4.0,2.0,2.0,1.0,0.0,1
9.0,1206.0,25.0,4.0,1.0,2.0,1.0,2.0,0
9.0,2118.0,37.0,2.0,1.0,2.0,1.0,2.0,0
18.0,629.0,32.0,4.0,2.0,0.0,3.0,4.0,0
6.0,1198.0,35.0,4.0,1.0,1.0,1.0,1.0,1
21.0,2476.0,46.0,4.0,1.0,0.0,0.0,2.0,0
9.0,1138.0,25.0,4.0,2.0,1.0,1.0,4.0,0
60.0,14027.0,27.0,4.0,1.0,2.0,1.0,2.0,1
30.0,7596.0,63.0,1.0,2.0,0.0,0.0,4.0,0
30.0,3077.0,40.0,3.0,2.0,0.0,0.0,4.0,0
18.0,1505.0,32.0,4.0,1.0,0.0,1.0,2.0,0
24.0,3148.0,31.0,3.0,2.0,3.0,0.0,4.0,0
20.0,6148.0,31.0,3.0,2.0,2.0,2.0,0.0,0
9.0,1337.0,34.0,4.0,2.0,3.0,1.0,0.0,1
6.0,433.0,24.0,4.0,1.0,2.0,4.0,1.0,1
12.0,1228.0,24.0,4.0,1.0,1.0,1.0,2.0,1
9.0,790.0,66.0,4.0,1.0,2.0,3.0,2.0,0
27.0,2570.0,21.0,3.0,1.0,0.0,1.0,2.0,1
6.0,250.0,41.0,2.0,2.0,0.0,4.0,4.0,0
15.0,1316.0,47.0,2.0,2.0,0.0,3.0,4.0,0
18.0,1882.0,25.0,4.0,2.0,1.0,1.0,2.0,1
48.0,6416.0,59.0,4.0,1.0,2.0,1.0,1.0,1
24.0,1275.0,36.0,2.0,2.0,3.0,4.0,4.0,0
24.0,6403.0,33.0,1.0,1.0,2.0,1.0,3.0,0
24.0,1987.0,21.0,2.0,1.0,1.0,1.0,2.0,1
8.0,760.0,44.0,4.0,1.0,2.0,1.0,2.0,0
24.0,2603.0,28.0,2.0,1.0,0.0,4.0,2.0,0
4.0,3380.0,37.0,1.0,1.0,0.0,1.0,4.0,0
36.0,3990.0,29.0,3.0,1.0,2.0,0.0,1.0,0
24.0,11560.0,23.0,1.0,2.0,2.0,1.0,2.0,1
18.0,4380.0,35.0,3.0,1.0,1.0,2.0,2.0,0
6.0,6761.0,45.0,1.0,2.0,0.0,1.0,4.0,0
30.0,4280.0,26.0,4.0,2.0,2.0,2.0,0.0,1
24.0,2325.0,32.0,2.0,1.0,1.0,2.0,1.0,0
10.0,1048.0,23.0,4.0,1.0,2.0,1.0,1.0,0
21.0,3160.0,41.0,4.0,1.0,0.0,0.0,2.0,0
24.0,2483.0,22.0,4.0,1.0,1.0,3.0,1.0,0
39.0,14179.0,30.0,4.0,2.0,1.0,0.0,4.0,0
13.0,1797.0,28.0,3.0,2.0,1.0,1.0,4.0,0
15.0,2511.0,23.0,1.0,1.0,1.0,1.0,2.0,0
12.0,1274.0,37.0,3.0,1.0,1.0,1.0,2.0,1
21.0,5248.0,26.0,1.0,1.0,0.0,0.0,2.0,0
15.0,3029.0,33.0,2.0,1.0,0.0,1.0,2.0,0
6.0,428.0,49.0,2.0,1.0,1.0,1.0,2.0,0
18.0,976.0,23.0,1.0,1.0,1.0,1.0,2.0,1
12.0,841.0,23.0,2.0,1.0,2.0,2.0,2.0,0
30.0,5771.0,25.0,4.0,2.0,0.0,1.0,4.0,0
12.0,1555.0,55.0,4.0,2.0,0.0,4.0,3.0,1
24.0,1285.0,32.0,4.0,1.0,1.0,0.0,2.0,1
6.0,1299.0,74.0,1.0,3.0,3.0,1.0,4.0,0
15.0,1271.0,39.0,3.0,2.0,3.0,0.0,4.0,1
24.0,1393.0,31.0,2.0,1.0,0.0,1.0,2.0,0
12.0,691.0,35.0,4.0,2.0,1.0,1.0,4.0,1
15.0,5045.0,59.0,1.0,1.0,0.0,0.0,4.0,0
18.0,2124.0,24.0,4.0,2.0,1.0,1.0,4.0,1
12.0,2214.0,24.0,4.0,1.0,1.0,1.0,2.0,0
21.0,12680.0,30.0,4.0,1.0,0.0,0.0,4.0,1
24.0,2463.0,27.0,4.0,2.0,0.0,2.0,4.0,0
12.0,1155.0,40.0,3.0,2.0,2.0,1.0,2.0,0
30.0,3108.0,31.0,2.0,1.0,1.0,1.0,2.0,1
10.0,2901.0,31.0,1.0,1.0,0.0,0.0,2.0,0
12.0,3617.0,28.0,1.0,3.0,2.0,1.0,4.0,0
12.0,1655.0,63.0,2.0,2.0,0.0,1.0,4.0,0
24.0,2812.0,26.0,2.0,1.0,1.0,0.0,2.0,0
36.0,8065.0,25.0,3.0,2.0,1.0,1.0,4.0,1
21.0,3275.0,36.0,1.0,1.0,0.0,1.0,4.0,0
24.0,2223.0,52.0,4.0,2.0,0.0,2.0,4.0,0
12.0,1480.0,66.0,2.0,3.0,3.0,3.0,4.0,0
24.0,1371.0,25.0,4.0,1.0,1.0,0.0,2.0,1
36.0,3535.0,37.0,4.0,2.0,0.0,1.0,4.0,0
18.0,3509.0,25.0,4.0,1.0,1.0,1.0,2.0,0
36.0,5711.0,38.0,4.0,2.0,0.0,4.0,4.0,0
18.0,3872.0,67.0,2.0,1.0,2.0,1.0,2.0,0
39.0,4933.0,25.0,2.0,2.0,2.0,1.0,4.0,1
24.0,1940.0,60.0,4.0,1.0,0.0,4.0,4.0,0
12.0,1410.0,31.0,2.0,1.0,2.0,1.0,0.0,0
12.0,836.0,23.0,4.0,1.0,2.0,2.0,2.0,1
20.0,6468.0,60.0,1.0,1.0,2.0,0.0,2.0,0
18.0,1941.0,35.0,4.0,1.0,2.0,4.0,2.0,0
22.0,2675.0,40.0,3.0,1.0,0.0,3.0,2.0,0
48.0,2751.0,38.0,4.0,2.0,0.0,0.0,4.0,0
48.0,6224.0,50.0,4.0,1.0,2.0,1.0,3.0,1
40.0,5998.0,27.0,4.0,1.0,1.0,1.0,4.0,1
21.0,1188.0,39.0,2.0,1.0,2.0,1.0,2.0,1
24.0,6313.0,41.0,3.0,1.0,0.0,0.0,2.0,0
6.0,1221.0,27.0,1.0,2.0,0.0,0.0,4.0,0
24.0,2892.0,51.0,3.0,1.0,3.0,1.0,2.0,0
24.0,3062.0,32.0,4.0,1.0,0.0,3.0,2.0,0
9.0,2301.0,22.0,2.0,1.0,0.0,2.0,2.0,0
18.0,7511.0,51.0,1.0,1.0,1.0,0.0,2.0,1
12.0,1258.0,22.0,2.0,2.0,0.0,1.0,4.0,0
24.0,717.0,54.0,4.0,2.0,0.0,0.0,3.0,0
9.0,1549.0,35.0,4.0,1.0,2.0,0.0,2.0,0
24.0,1597.0,54.0,4.0,2.0,0.0,1.0,4.0,0
18.0,1795.0,48.0,3.0,2.0,2.0,1.0,4.0,0
20.0,4272.0,24.0,1.0,2.0,1.0,1.0,4.0,0
12.0,976.0,35.0,4.0,2.0,0.0,0.0,4.0,0
12.0,7472.0,24.0,1.0,1.0,2.0,0.0,2.0,0
36.0,9271.0,24.0,2.0,1.0,1.0,1.0,2.0,1
6.0,590.0,26.0,3.0,1.0,2.0,1.0,2.0,0
12.0,930.0,65.0,4.0,4.0,0.0,0.0,4.0,0
42.0,9283.0,55.0,1.0,1.0,2.0,1.0,1.0,0
15.0,1778.0,26.0,2.0,2.0,2.0,1.0,0.0,1
8.0,907.0,26.0,3.0,1.0,2.0,1.0,2.0,0
6.0,484.0,28.0,3.0,1.0,2.0,1.0,2.0,0
36.0,9629.0,24.0,4.0,2.0,1.0,1.0,4.0,1
48.0,3051.0,54.0,3.0,1.0,1.0,1.0,2.0,1
48.0,3931.0,46.0,4.0,1.0,1.0,1.0,2.0,1
36.0,7432.0,54.0,2.0,1.0,2.0,1.0,3.0,0
6.0,1338.0,62.0,1.0,1.0,0.0,3.0,2.0,0
6.0,1554.0,24.0,1.0,2.0,0.0,1.0,4.0,0
36.0,15857.0,43.0,2.0,1.0,1.0,1.0,2.0,0
18.0,1345.0,26.0,4.0,1.0,1.0,1.0,2.0,1
12.0,1101.0,27.0,3.0,2.0,0.0,1.0,2.0,0
12.0,3016.0,24.0,3.0,1.0,3.0,1.0,2.0,0
36.0,2712.0,41.0,2.0,1.0,1.0,1.0,2.0,1
8.0,731.0,47.0,4.0,2.0,1.0,1.0,4.0,0
18.0,3780.0,35.0,3.0,2.0,0.0,1.0,4.0,0
21.0,1602.0,30.0,4.0,2.0,1.0,1.0,4.0,0
18.0,3966.0,33.0,1.0,3.0,1.0,1.0,4.0,1
18.0,4165.0,36.0,2.0,2.0,0.0,1.0,0.0,1
36.0,8335.0,47.0,3.0,1.0,1.0,0.0,2.0,1
48.0,6681.0,38.0,4.0,1.0,2.0,0.0,3.0,0
24.0,2375.0,44.0,4.0,2.0,0.0,3.0,3.0,0
18.0,1216.0,23.0,4.0,1.0,1.0,1.0,2.0,1
45.0,11816.0,29.0,2.0,2.0,1.0,1.0,0.0,1
24.0,5084.0,42.0,2.0,1.0,2.0,0.0,2.0,0
15.0,2327.0,25.0,2.0,1.0,3.0,1.0,2.0,1
12.0,1082.0,48.0,4.0,2.0,1.0,1.0,0.0,1
12.0,886.0,21.0,4.0,1.0,0.0,0.0,2.0,0
4.0,601.0,23.0,1.0,1.0,0.0,1.0,2.0,0
24.0,2957.0,63.0,4.0,2.0,1.0,1.0,4.0,0
24.0,2611.0,46.0,4.0,2.0,0.0,1.0,4.0,0
36.0,5179.0,29.0,4.0,1.0,1.0,1.0,2.0,1
21.0,2993.0,28.0,3.0,2.0,0.0,1.0,3.0,0
18.0,1943.0,23.0,4.0,1.0,0.0,1.0,2.0,1
24.0,1559.0,50.0,4.0,1.0,0.0,1.0,1.0,0
18.0,3422.0,47.0,4.0,3.0,0.0,1.0,2.0,0
21.0,3976.0,35.0,2.0,1.0,2.0,0.0,2.0,0
18.0,6761.0,68.0,2.0,2.0,0.0,0.0,2.0,1
24.0,1249.0,28.0,4.0,1.0,0.0,1.0,2.0,0
9.0,1364.0,59.0,3.0,1.0,1.0,1.0,2.0,0
12.0,709.0,57.0,4.0,1.0,1.0,1.0,2.0,1
20.0,2235.0,33.0,4.0,2.0,1.0,1.0,4.0,1
24.0,4042.0,43.0,3.0,2.0,0.0,0.0,4.0,0
15.0,1471.0,35.0,4.0,2.0,0.0,1.0,4.0,0
18.0,1442.0,32.0,4.0,2.0,1.0,1.0,1.0,1
36.0,10875.0,45.0,2.0,2.0,0.0,1.0,3.0,0
24.0,1474.0,33.0,4.0,1.0,0.0,2.0,2.0,0
10.0,894.0,40.0,4.0,1.0,0.0,0.0,2.0,0
15.0,3343.0,28.0,4.0,1.0,0.0,1.0,4.0,0
15.0,3959.0,29.0,3.0,1.0,1.0,1.0,2.0,1
9.0,3577.0,26.0,1.0,1.0,0.0,2.0,2.0,0
24.0,5804.0,27.0,4.0,2.0,0.0,4.0,4.0,0
18.0,2169.0,28.0,4.0,1.0,0.0,1.0,3.0,1
24.0,2439.0,35.0,4.0,1.0,1.0,1.0,2.0,1
27.0,4526.0,32.0,4.0,2.0,0.0,4.0,4.0,0
10.0,2210.0,25.0,2.0,1.0,0.0,1.0,2.0,1
15.0,2221.0,20.0,2.0,1.0,0.0,3.0,2.0,0
18.0,2389.0,27.0,4.0,1.0,1.0,1.0,2.0,0
12.0,3331.0,42.0,2.0,1.0,0.0,1.0,4.0,0
36.0,7409.0,37.0,3.0,2.0,0.0,0.0,2.0,0
12.0,652.0,24.0,4.0,1.0,1.0,1.0,2.0,0
36.0,7678.0,40.0,2.0,2.0,0.0,3.0,3.0,0
6.0,1343.0,46.0,1.0,2.0,3.0,1.0,4.0,0
24.0,1382.0,26.0,4.0,2.0,1.0,2.0,4.0,0
15.0,874.0,24.0,4.0,1.0,0.0,0.0,2.0,0
12.0,3590.0,29.0,2.0,1.0,1.0,1.0,2.0,0
11.0,1322.0,40.0,4.0,2.0,2.0,4.0,4.0,0
18.0,1940.0,36.0,3.0,1.0,1.0,1.0,1.0,0
36.0,3595.0,28.0,4.0,1.0,0.0,1.0,2.0,0
9.0,1422.0,27.0,3.0,1.0,1.0,1.0,2.0,1
30.0,6742.0,36.0,2.0,2.0,0.0,0.0,4.0,0
24.0,7814.0,38.0,3.0,1.0,0.0,1.0,2.0,0
24.0,9277.0,48.0,2.0,1.0,0.0,0.0,2.0,0
30.0,2181.0,36.0,4.0,2.0,2.0,0.0,4.0,0
18.0,1098.0,65.0,4.0,2.0,0.0,1.0,4.0,0
24.0,4057.0,43.0,3.0,1.0,2.0,1.0,2.0,1
12.0,795.0,53.0,4.0,1.0,1.0,1.0,2.0,1
24.0,2825.0,34.0,4.0,2.0,2.0,0.0,4.0,0
48.0,15672.0,23.0,2.0,1.0,2.0,1.0,2.0,1
36.0,6614.0,34.0,4.0,2.0,0.0,1.0,4.0,0
28.0,7824.0,40.0,3.0,2.0,0.0,0.0,1.0,0
27.0,2442.0,43.0,4.0,4.0,1.0,1.0,4.0,0
15.0,1829.0,46.0,4.0,2.0,0.0,1.0,4.0,0
12.0,2171.0,38.0,4.0,2.0,1.0,1.0,4.0,0
36.0,5800.0,34.0,3.0,2.0,2.0,1.0,4.0,0
18.0,1169.0,29.0,4.0,2.0,0.0,0.0,4.0,0
36.0,8947.0,31.0,3.0,1.0,0.0,0.0,3.0,0
21.0,2606.0,28.0,4.0,1.0,1.0,1.0,2.0,0
12.0,1592.0,35.0,3.0,1.0,0.0,4.0,4.0,0
15.0,2186.0,33.0,1.0,1.0,0.0,0.0,2.0,0
18.0,4153.0,42.0,2.0,1.0,1.0,1.0,2.0,1
16.0,2625.0,43.0,2.0,1.0,1.0,1.0,4.0,1
20.0,3485.0,44.0,2.0,2.0,0.0,0.0,4.0,0
36.0,10477.0,42.0,2.0,2.0,0.0,0.0,4.0,0
15.0,1386.0,40.0,4.0,1.0,0.0,0.0,2.0,0
24.0,1278.0,36.0,4.0,1.0,0.0,1.0,2.0,0
12.0,1107.0,20.0,2.0,1.0,1.0,1.0,2.0,0
21.0,3763.0,24.0,2.0,1.0,1.0,0.0,2.0,0
36.0,3711.0,27.0,2.0,1.0,2.0,0.0,2.0,0
15.0,3594.0,46.0,1.0,2.0,0.0,1.0,3.0,0
9.0,3195.0,33.0,1.0,1.0,2.0,0.0,2.0,0
36.0,4454.0,34.0,4.0,2.0,0.0,1.0,3.0,0
24.0,4736.0,25.0,2.0,1.0,2.0,1.0,4.0,1
30.0,2991.0,25.0,2.0,1.0,2.0,0.0,2.0,0
11.0,2142.0,28.0,1.0,1.0,0.0,4.0,2.0,0
24.0,3161.0,31.0,4.0,1.0,1.0,1.0,1.0,1
48.0,18424.0,32.0,1.0,1.0,2.0,1.0,0.0,1
10.0,2848.0,32.0,1.0,1.0,0.0,2.0,2.0,0
6.0,14896.0,68.0,1.0,1.0,1.0,1.0,2.0,1
24.0,2359.0,33.0,1.0,1.0,1.0,2.0,2.0,1
24.0,3345.0,39.0,4.0,1.0,1.0,1.0,2.0,1
18.0,1817.0,28.0,4.0,2.0,0.0,1.0,4.0,0
48.0,12749.0,37.0,4.0,1.0,0.0,3.0,3.0,0
9.0,1366.0,22.0,3.0,1.0,1.0,1.0,2.0,1
12.0,2002.0,30.0,3.0,1.0,2.0,1.0,2.0,0
24.0,6872.0,55.0,2.0,1.0,1.0,1.0,1.0,1
12.0,697.0,46.0,4.0,2.0,1.0,1.0,1.0,1
18.0,1049.0,21.0,4.0,1.0,1.0,1.0,4.0,0
48.0,10297.0,39.0,4.0,3.0,1.0,1.0,2.0,1
30.0,1867.0,58.0,4.0,1.0,0.0,0.0,2.0,0
12.0,1344.0,43.0,4.0,2.0,1.0,1.0,3.0,0
24.0,1747.0,24.0,4.0,1.0,1.0,1.0,2.0,0
9.0,1670.0,22.0,4.0,1.0,2.0,1.0,2.0,1
9.0,1224.0,30.0,3.0,2.0,0.0,1.0,4.0,0
12.0,522.0,42.0,4.0,2.0,0.0,3.0,4.0,0
12.0,1498.0,23.0,4.0,1.0,1.0,1.0,2.0,0
30.0,1919.0,30.0,4.0,2.0,2.0,2.0,3.0,1
9.0,745.0,28.0,3.0,1.0,3.0,1.0,2.0,1
6.0,2063.0,30.0,4.0,1.0,2.0,1.0,2.0,0
60.0,6288.0,42.0,4.0,1.0,2.0,1.0,2.0,1
24.0,6842.0,46.0,2.0,2.0,0.0,0.0,4.0,0
12.0,3527.0,45.0,2.0,1.0,0.0,0.0,2.0,0
10.0,1546.0,31.0,3.0,1.0,0.0,1.0,2.0,0
24.0,929.0,31.0,4.0,1.0,0.0,0.0,2.0,0
4.0,1455.0,42.0,2.0,3.0,0.0,1.0,4.0,0
15.0,1845.0,46.0,4.0,1.0,1.0,1.0,2.0,0
48.0,8358.0,30.0,1.0,2.0,2.0,3.0,0.0,0
24.0,3349.0,30.0,4.0,1.0,1.0,3.0,1.0,1
12.0,2859.0,38.0,4.0,1.0,0.0,0.0,2.0,0
18.0,1533.0,43.0,4.0,1.0,0.0,1.0,2.0,1
24.0,3621.0,31.0,2.0,2.0,0.0,2.0,2.0,1
18.0,3590.0,40.0,3.0,3.0,2.0,1.0,4.0,0
36.0,2145.0,24.0,2.0,2.0,1.0,1.0,3.0,1
24.0,4113.0,28.0,3.0,1.0,2.0,3.0,2.0,1
36.0,10974.0,26.0,4.0,2.0,0.0,1.0,2.0,1
12.0,1893.0,29.0,4.0,1.0,1.0,1.0,2.0,0
24.0,1231.0,57.0,4.0,2.0,1.0,4.0,4.0,0
30.0,3656.0,49.0,4.0,2.0,3.0,0.0,4.0,0
9.0,1154.0,37.0,2.0,3.0,2.0,1.0,4.0,0
28.0,4006.0,45.0,3.0,1.0,1.0,1.0,2.0,1
24.0,3069.0,30.0,4.0,1.0,2.0,2.0,2.0,0
6.0,1740.0,30.0,2.0,2.0,0.0,1.0,4.0,0
21.0,2353.0,47.0,1.0,2.0,2.0,1.0,3.0,0
15.0,3556.0,29.0,3.0,1.0,0.0,0.0,2.0,0
24.0,2397.0,35.0,3.0,2.0,0.0,3.0,2.0,1
6.0,454.0,22.0,3.0,1.0,2.0,1.0,2.0,0
30.0,1715.0,26.0,4.0,1.0,2.0,0.0,2.0,0
27.0,2520.0,23.0,4.0,2.0,2.0,3.0,4.0,1
15.0,3568.0,54.0,4.0,1.0,0.0,1.0,2.0,0
42.0,7166.0,29.0,2.0,1.0,0.0,0.0,2.0,0
11.0,3939.0,40.0,1.0,2.0,1.0,1.0,4.0,0
15.0,1514.0,22.0,4.0,1.0,2.0,2.0,2.0,0
24.0,7393.0,43.0,1.0,1.0,0.0,1.0,2.0,0
24.0,1193.0,29.0,1.0,2.0,1.0,1.0,1.0,1
60.0,7297.0,36.0,4.0,1.0,1.0,1.0,2.0,1
30.0,2831.0,33.0,4.0,1.0,0.0,1.0,4.0,0
24.0,1258.0,57.0,3.0,1.0,3.0,3.0,2.0,0
6.0,753.0,64.0,2.0,1.0,2.0,1.0,2.0,0
18.0,2427.0,42.0,4.0,2.0,2.0,0.0,3.0,0
24.0,2538.0,47.0,4.0,2.0,0.0,1.0,3.0,1
15.0,1264.0,25.0,2.0,1.0,2.0,2.0,1.0,1
30.0,8386.0,49.0,2.0,1.0,2.0,1.0,4.0,1
48.0,4844.0,33.0,3.0,1.0,0.0,1.0,2.0,1
21.0,2923.0,28.0,1.0,1.0,3.0,2.0,2.0,0
36.0,8229.0,26.0,2.0,1.0,1.0,1.0,2.0,1
24.0,2028.0,30.0,2.0,2.0,0.0,1.0,4.0,0
15.0,1433.0,25.0,4.0,2.0,1.0,1.0,4.0,0
42.0,6289.0,33.0,2.0,2.0,3.0,1.0,0.0,0
13.0,1409.0,64.0,2.0,1.0,0.0,2.0,2.0,0
24.0,6579.0,29.0,4.0,1.0,1.0,1.0,2.0,0
24.0,1743.0,48.0,4.0,2.0,2.0,1.0,4.0,0
12.0,3565.0,37.0,2.0,2.0,0.0,0.0,4.0,0
15.0,1569.0,34.0,4.0,1.0,0.0,2.0,1.0,0
18.0,1936.0,23.0,2.0,2.0,1.0,0.0,2.0,0
36.0,3959.0,30.0,4.0,1.0,1.0,1.0,2.0,0
12.0,2390.0,50.0,4.0,1.0,0.0,0.0,2.0,0
12.0,1736.0,31.0,3.0,1.0,0.0,1.0,2.0,0
30.0,3857.0,40.0,4.0,1.0,1.0,1.0,2.0,0
12.0,804.0,38.0,4.0,1.0,0.0,1.0,2.0,0
45.0,1845.0,23.0,4.0,1.0,1.0,1.0,2.0,1
45.0,4576.0,27.0,3.0,1.0,2.0,2.0,4.0,0
